weight,vel,times
1,10.849884792015075,1.0
2,15.694192612065184,2.0
